{"hash":"0e6bec88f32291ad2c377121bde86f5224aa1994","data":{"allWordPressActivity":{"edges":[{"node":{"title":"Велогонка «Крымская Зима»","id":"36","slug":"krimskaya-zima-2020","path":"/krimskaya-zima-2020/","acf":{"logo":"http://localhost/solarlab.cc/wp-content/uploads/2020/03/pexels-photo-2880638.jpg","tag":["однодневка","даунхил"],"period":{"from":"03/28/2020 00:00","to":"03/29/2020 00:00"}}}},{"node":{"title":"Велогонка «Крымское Лето»","id":"16","slug":"krimskoe-leto-2020","path":"/krimskoe-leto-2020/","acf":{"logo":"http://localhost/solarlab.cc/wp-content/uploads/2020/03/pexels-photo-3642537-e1585311914643.jpeg","tag":["трёхдневная","эндуро"],"period":{"from":"03/27/2020 00:00","to":"03/30/2020 00:00"}}}},{"node":{"title":"Велозабег «Крымская Осень»","id":"13","slug":"krimskaya-osen-2020","path":"/krimskaya-osen-2020/","acf":{"logo":"http://localhost/solarlab.cc/wp-content/uploads/2020/03/pexels-photo-2158963-e1585311773908.jpeg","tag":["многодневка","шоссе"],"period":{"from":"06/17/2020 11:00","to":"06/24/2020 00:00"}}}}]}},"context":{}}