{"hash":"0e6bec88f32291ad2c377121bde86f5224aa1994","data":{"wordPressActivity":{"slug":"krimskaya-osen-2020","id":"13","title":"Велозабег «Крымская Осень»","acf":{"logo":"http://localhost/solarlab.cc/wp-content/uploads/2020/03/pexels-photo-2158963-e1585311773908.jpeg","tag":["многодневка","шоссе"],"description":"Некий уличный хлам","numberOfStages":"3","totalDistance":"1400","numberOfDays":"23","period":{"from":"06/17/2020 11:00","to":"06/24/2020 00:00"}}}},"context":{}}